serv_area_id,state,Org_ID,Program_Name,Addr1,Addr2,City,State,Zip,,,,LA-10,LA,619051,Acadiana Legal Service Corporation,1020 Surrey Street,P.O. Box 4823,Lafayette,LA,70502-4823,Acadiana Legal Service Corporation ,(337) 237-4320 ,(800) 256-1175 ,http://www.la-law.org/ AK-1,AK,902000,Alaska Legal Services Corporation,1016 W. 6th Avenue,Suite 200,Anchorage,AK,99501-0963,Alaska Legal Services Corporation ,(907) 452-5181 ,(800) 478-5401 ,http://www.alsc-law.org/ KY-5,KY,618030,Appalachian Research and Defense Fund of Kentucky,120 North Front Avenue,,Prestonsburg,KY,41653,Appalachian Research and Defense Fund of Kentucky ,(606) 886-9876 ,(800) 556-3876 ,GA-1,GA,611010,"Atlanta Legal Aid Society, Inc.","151 Spring Street, N.W.",,Atlanta,GA,30303-2097,"Atlanta Legal Aid Society, Inc. ",(404) 524-5811 ,(404) 524-5811 ,http://www.ardfky.org/ CA-28,CA,805270,Bay Area Legal Aid,1735 Telegraph Avenue,,Oakland,CA,94612,Bay Area Legal Aid ,(510) 663-4755 ,(510) 663-4744 ,http://www.atlantalegalaid.org/ FL-16,FL,610050,"Bay Area Legal Services, Inc.",1302 N. 19th Street,Suite 400,Tampa,FL,33605,"Bay Area Legal Services, Inc. ",(813) 232-1343 ,(813) 232-1343 ,http://www.baylegal.org/ VA-19,VA,447081,"Blue Ridge Legal Services, Inc.",204 North High Street,P.O. Box 551,Harrisonburg,VA,22803,"Blue Ridge Legal Services, Inc. ",(540) 433-1830 ,(800) 237-0141 ,http://www.bals.org/ CA-1,CA,705158,"California Indian Legal Services, Inc.",609 S. Escondido Blvd.,,Escondido,CA,92025,"California Indian Legal Services, Inc. ",(760) 746-8941 ,(800) 743-8941 ,http://www.brls.org/ CA-31,CA,805260,"California Rural Legal Assistance, Inc.",631 Howard Street, Suite 300,San Francisco,CA,94105-3907,"California Rural Legal Assistance, Inc. ",(415) 777-2752 ,(415) 777-2752 ,http://www.calindian.org/ AR-7,AR,604061,Center for Arkansas Legal Services,1300 W. 6th Street,,Little Rock,AR,72201-3593,Center for Arkansas Legal Services ,(501) 376-3423 ,(800) 950-5817 ,http://www.crla.org/ CA-26,CA,805060,Central California Legal Services,2115 Kern Street,Suite 1,Fresno,CA,93721,Central California Legal Services ,(559) 570-1200 ,(800) 675-8001 ,http://www.arlegalservices.org/ NJ-17,NJ,331110,"Central Jersey Legal Services, Inc.",317 George Street,Suite 201,New Brunswick,NJ,08901-2006,"Central Jersey Legal Services, Inc. ",(732) 249-7600 ,(732) 249-7600 ,http://www.centralcallegal.org/ MN-6,MN,524020,"Central Minnesota Legal Services, Inc.",430 First Avenue North,Suite 359,Minneapolis,MN,55401-1780,"Central Minnesota Legal Services, Inc. ",(612) 332-8151 ,(612) 334-5970 ,http://www.lsnj.org/cjls/index.htm VA-18,VA,447030,"Central Virginia Legal Aid Society, Inc.","101 West Broad St., Suite 101",P.O. Box 12206,Richmond,VA,23241-2206,"Central Virginia Legal Aid Society, Inc. ",(804) 648-1012 ,(800) 868-1012 ,http://www.centralmnlegal.org FL-18,FL,610090,"Coast to Coast Legal Aid of South Florida,  Inc.",491 North State Road 7,,Plantation,FL,33317,"Coast to Coast Legal Aid of South Florida, Inc. ",(954) 736-2400 ,(954) 736-2400 ,http://www.cvlas.org/ CO-6,CO,706060,Colorado Legal Services,1905 Sherman Street,Suite 400,Denver,CO,80203,Colorado Legal Services ,(303) 866-9399 ,(303) 837-1321 ,http://www.coasttocoastlegalaid.org PR-2,PR,253030,"Community Law Office, Inc.",170 Calle Federico Costa,Box 194735,San Juan,PR,00919-4735,"Community Law Office, Inc. ",(787) 751-1600 ,(787) 751-1600 ,http://www.coloradolegalservices.org/co/homepage.html OH-20,OH,436030,"Community Legal Aid Services, Inc.",50 South Main Street,,Akron,OH,44308,"Community Legal Aid Services, Inc. ",(330) 535-4191 ,(866) 584-2350 ,http://oficinalegaldelacomunidad.org/ FL-15,FL,610010,"Community Legal Services of Mid-Florida, Inc.",128 Orange Avenue,Suite 300,Daytona Beach,FL,32114-4310,"Community Legal Services of Mid-Florida, Inc. ",(386) 255-6573 ,(386) 255-6573 ,http://www.communitylegalaid.org/ AZ-3,AZ,703030,"Community Legal Services, Inc.",305 South 2nd Avenue,PO Box 21538,Phoenix,AZ,85036-1538,"Community Legal Services, Inc. ",(602) 258-3434 ,(800) 852-9075 ,http://www.clsmf.org/ SD-4,SD,742018,"Dakota Plains Legal Services, Inc.",160 Second Street,P.O. Box 727,Mission,SD,57555-0727,"Dakota Plains Legal Services, Inc. ",(605) 856-4444 ,(800) 658-2297 ,http://www.clsaz.org AZ-2,AZ,703068,"DNA-Peoples Legal Services, Inc.","Route 12, Highway 264",P.O. Box 306,Window Rock,AZ,86515-0306,"DNA-Peoples Legal Services, Inc.",(928) 871-4151,(800) 789-7287,http://www.helpsouthdakota.com/homeDPLSNM-1,NM,703068,"DNA-Peoples Legal Services, Inc.","Route 12, Highway 264",P.O. Box 306,Window Rock,AZ,86515-0306,"DNA-Peoples Legal Services, Inc. ",(928) 871-4151 ,(800) 789-7287 ,http://www.helpsouthdakota.com/homeDPLS SD-2,SD,542026,East River Legal Services,335 North Main Ave.,Suite 300,Sioux Falls,SD,57104,East River Legal Services ,(605) 336-9230 ,(800) 952-3015 ,http://www.dnalegalservices.org NJ-8,NJ,331060,"Essex-Newark Legal Services Project, Inc.",5 Commerce Street,2nd Floor,Newark,NJ,7102,"Essex-Newark Legal Services Project, Inc. ",(973) 624-4500 ,(973) 624-4500 ,http://www.erls.org FL-17,FL,610020,"Florida Rural Legal Services, Inc.",1321 E. Memorial Boulevard,,Lakeland,FL,33801,"Florida Rural Legal Services, Inc. ",(239) 334-4554 ,(800) 277-7680 ,http://www.lsnj.org/directory.htm GA-2,GA,611020,Georgia Legal Services Program,104 Marietta Street,Suite 250,Atlanta,GA,30303-2848,Georgia Legal Services Program ,(404) 206-5175 ,(800) 498-9469 ,http://www.frls.org/ CA-2,CA,805010,"Greater Bakersfield Legal Assistance, Inc.",615 California Avenue,,Bakersfield,CA,93304,"Greater Bakersfield Legal Assistance, Inc. ",(661) 334-4660 ,(805) 325-5943 ,http://www.glsp.org/ GU-1,GU,960007,Guam Legal Services Corporation,113 Bradley Place,,Hagatna,GU,96910-4911,Guam Legal Services Corporation ,(671) 477-9811 ,(671) 477-9811 ,http://gbla.org/ez.php?Page=3226 ID-1,ID,913000,"Idaho Legal Aid Services, Inc.",310 North Fifth Street,,Boise,ID,83702-5907,"Idaho Legal Aid Services, Inc. ",(208) 336-8980 ,(208) 345-0106 ,http://www.lawhelp.org/GU/StateAboutUs.cfm/ IN-5,IN,515030,"Indiana Legal Services, Inc.","Market Square Ctr., Suite 1850",151 North Delaware Street,Indianapolis,IN,46204-2523,"Indiana Legal Services, Inc. ",(317) 631-9410 ,(800) 869-0212 ,http://www.idaholegalaid.org CA-12,CA,805230,"Inland Counties Legal Services, Inc.",1040 Iowa Avenue,Suite 101,Riverside,CA,92507-4219,"Inland Counties Legal Services, Inc. ",(951) 368-2555 ,(888) 245-4257 ,http://www.indianalegalservices.org/ IA-3,IA,516006,Iowa Legal Aid,1111 Ninth Street,Suite 230,Des Moines,IA,50314-2527,Iowa Legal Aid ,(515) 243-2151 ,(800) 532-1275 ,http://www.inlandlegal.org/ KS-1,KS,517001,"Kansas Legal Services, Inc.","712 S. Kansas Ave., Ste. 200",,Topeka,KS,66603,"Kansas Legal Services, Inc. ",(785) 233-2068 ,(800) 723-6953 ,http://www.iowalegalaid.org/ia/homepage.html KY-9,KY,618036,Kentucky Legal Aid,1700 Destiny Lane,,Bowling Green,KY,42104,Kentucky Legal Aid ,(270) 782-1924 ,(866) 452-9243 ,http://www.kansaslegalservices.org/ IL-6,IL,514020,LAF (Legal Assistance Foundation of Metropolitan Chicago),120 S. LaSalle Street,Suite 900,Chicago,IL,60603-3425,LAF (Legal Assistance Foundation of Metropolitan Chicago) ,(312) 341-1070 ,(312) 341-1070 ,http://www.klaid.org/ IL-3,IL,514050,"Land of Lincoln Legal Assistance Foundation, Inc.",8787 State Street,Suite 201,East St. Louis,IL,62203,"Land of Lincoln Legal Assistance Foundation, Inc. ",(618) 398-0574 ,(877) 342-7891 ,http://www.lafchicago.org/ PA-5,PA,339026,"Laurel Legal Services, Inc.",306 South Pennsylvania Avenue,,Greensburg,PA,15601-3066,"Laurel Legal Services, Inc. ",(724) 836-2211 ,(800) 253-9558 ,http://www.lollaf.org/ WI-5,WI,550010,"Legal Action of Wisconsin, Inc.",230 West Wells St.,Room 800,Milwaukee,WI,53203-1866,"Legal Action of Wisconsin, Inc. ",(414) 278-7777 ,(414) 278-7722 ,http://www.palegalservices.org/finder/laurel_legal_services.htm NH-1,NH,130010,"Legal Advice & Referral Center, Inc.",48 South Main Street,,Concord,NH,03301-4823,"Legal Advice & Referral Center, Inc. ",(603) 224-5723 ,(800) 639-5290 ,http://www.legalaction.org MI-13,MI,423148,"Legal Aid and Defender Association, Inc.",613 Abbott Street,,Detroit,MI,48226-4216,"Legal Aid and Defender Association, Inc. ",(313) 967-5555 ,(877) 964-4700 ,http://www.nhlegalaid.org/LARC MD-1,MD,321016,"Legal Aid Bureau, Inc.",500 East Lexington Street,,Baltimore,MD,21202,"Legal Aid Bureau, Inc. ",(410) 951-7680 ,(410) 539-5340 ,http://www.ladadetroit.org/ CA-29,CA,805080,Legal Aid Foundation of Los Angeles,1102 South Crenshaw Boulevard,,Los Angeles,CA,90019-3111,Legal Aid Foundation of Los Angeles ,(323) 801-7906 ,(800) 399-4529 ,http://www.mdlab.org/ AR-6,AR,604020,"Legal Aid of Arkansas, Inc.",714 South Main Street,,Jonesboro,AR,72401,"Legal Aid of Arkansas, Inc. ",(870) 972-9224 ,(800) 952-9243 ,http://www.lafla.org/ TN-9,TN,643020,Legal Aid of East Tennessee,502 South Gay St.,Suite 404,Knoxville,TN,37902-1502,Legal Aid of East Tennessee ,(865) 637-0484 ,(865) 637-0484 ,http://www.arlegalservices.org/ NE-4,NE,528020,Legal Aid of Nebraska,1904 Farnam Street,Ste. 500,Omaha,NE,68102-2533,Legal Aid of Nebraska ,(402) 348-1069 ,(877) 250-2016 ,http://www.laet.org/ NC-5,NC,634032,"Legal Aid of North Carolina, Inc.",224 South Dawson St.,,Raleigh,NC,27611-6087,"Legal Aid of North Carolina, Inc. ",(919) 856-2130 ,(866) 219-5262 ,http://www.legalaidofnebraska.com TX-14,TX,744050,Legal Aid of NorthWest Texas,600 East Weatherford Street,,Fort Worth,TX,76102,Legal Aid of NorthWest Texas ,(817) 649-4740 ,(800) 955-3959 ,http://www.legalaidnc.org/ PA-23,PA,339141,Legal Aid of Southeastern Pennsylvania,625-627 Swede Street,,Norristown,PA,19401-4801,Legal Aid of Southeastern Pennsylvania ,(610) 275-5400 ,(610) 275-5400 ,http://www.lanwt.org/ KY-10,KY,618004,Legal Aid of the Bluegrass,104 East Seventh Street,,Covington,KY,41011-1740,Legal Aid of the Bluegrass ,(859) 431-8200 ,(800) 888-8189 ,http://www.lasp.org WV-5,WV,449041,"Legal Aid of West Virginia, Inc.",922 Quarrier Street,4th Floor,Charleston,WV,25301,"Legal Aid of West Virginia, Inc. ",(304) 343-3013 ,(800) 642-8279 ,http://www.lablaw.org MI-15,MI,423141,Legal Aid of Western Michigan,"Cornerstone Bldg., Suite 400","89 Ionia Avenue, NW",Grand Rapids,MI,49503,Legal Aid of Western Michigan ,(616) 774-0672 ,(800) 442-2777 ,http://www.lawv.net MO-3,MO,526010,Legal Aid of Western Missouri,1125 Grand Avenue,Suite 1900,Kansas City,MO,64106,Legal Aid of Western Missouri ,(816) 474-6750 ,(816) 474-6750 ,http://www.michiganlegalaid.org/ OH-23,OH,436183,"Legal Aid of Western Ohio, Inc.",525 Jefferson Avenue,Suite 400,Toledo,OH,43604-1371,"Legal Aid of Western Ohio, Inc. ",(419) 724-0030 ,(877) 894-4599 ,http://www.lawmo.org/ WY-4,WY,951050,"Legal Aid of Wyoming, Inc.",211 W. 19th Street, Suite 300,Cheyenne,WY,82001,"Legal Aid of Wyoming, Inc. ",(877) 432-9955 ,(877) 432-9955 ,http://www.lawolaw.org MN-1,MN,524006,Legal Aid Service of Northeastern Minnesota,302 Ordean Building,424 West Superior Street,Duluth,MN,55802,Legal Aid Service of Northeastern Minnesota ,(218) 623-8100 ,(855) 204-1697 ,http://www.lawyoming.orgOK-3,OK,737066,"Legal Aid Services of Oklahoma, Inc.",2915 North Classen Boulevard,Suite 500,Oklahoma City,OK,73106,"Legal Aid Services of Oklahoma, Inc. ",(405) 557-0020 ,(800) 421-1641 ,http://www.lasnem.org/ OR-6,OR,938004,Legal Aid Services of Oregon,921 SW Washington,Suite 570,Portland,OR,97205,Legal Aid Services of Oregon ,(503) 224-4094 ,(503) 224-4094 ,http://www.legalaidok.org/ KY-2,KY,618010,Legal Aid Society,416 West Muhammad Ali Blvd.,Suite 300,Louisville,KY,40202-2354,Legal Aid Society ,(502) 584-1254 ,(800) 292-1862 ,http://www.lasoregon.org VA-16,VA,447026,Legal Aid Society of Eastern Virginia,125 St. Paul's Boulevard,Suite 400,Norfolk,VA,23510,Legal Aid Society of Eastern Virginia ,(757) 627-5423 ,(888) 868-1072 ,http://www.laslou.org/ OH-18,OH,436040,Legal Aid Society of Greater Cincinnati,215 East Ninth Street,Suite 200,Cincinnati,OH,45202,Legal Aid Society of Greater Cincinnati ,(513) 241-9400 ,(800) 582-2682 ,http://www.laseva.org/ HI-1,HI,912000,Legal Aid Society of Hawaii,924 Bethel Street,,Honolulu,HI,96813,Legal Aid Society of Hawaii ,(808) 536-4302 ,(800) 499-4302 ,http://www.lascinti.org/ NY-22,NY,233150,"Legal Aid Society of Mid-New York, Inc.",255 Genesee Street,2nd Floor,Utica,NY,13501,"Legal Aid Society of Mid-New York, Inc. ",(315) 793-7000 ,(877) 777-6152 ,http://www.legalaidhawaii.org/ TN-10,TN,643040,Legal Aid Society of Middle Tennessee and the Cumberlands,300 Deaderick Street,,Nashville,TN,37201-1103,Legal Aid Society of Middle Tennessee and the Cumberlands ,(800) 238-1443 ,(800) 238-1443 ,http://www.lasmny.org/ NY-21,NY,233010,"Legal Aid Society of Northeastern New York, Inc.",55 Colvin Avenue,,Albany,NY,12206,"Legal Aid Society of Northeastern New York, Inc. ",(518) 462-6765 ,(800) 462-2922 ,http://www.las.org/ CA-19,CA,805310,"Legal Aid Society of Orange County, Inc.",2101 N. Tustin Ave.,,Santa Ana,CA,92705,"Legal Aid Society of Orange County, Inc. ",(714) 571-5200 ,(800) 834-5001 ,http://www.lasnny.org/ CA-14,CA,805250,"Legal Aid Society of San Diego, Inc.",110 South Euclid Avenue,,San Diego,CA,92114,"Legal Aid Society of San Diego, Inc. ",(619) 471-2620 ,(877) 534-2524 ,http://www.legal-aid.com/ NY-23,NY,233130,"Legal Assistance of Western New York, Inc.",361 South Main Street,,Geneva,NY,14456,"Legal Assistance of Western New York, Inc. ",(315) 781-1465 ,(585) 325-2520 ,http://www.lassd.org/ AL-4,AL,601037,"Legal Services Alabama, Inc.",207 Montgomery St.,Suite 1200,Montgomery,AL,36104-3537,"Legal Services Alabama, Inc. ",(334) 264-1868 ,(866) 456-4995 ,http://www.lawny.org DE-1,DE,308010,"Legal Services Corporation of Delaware, Inc.",100 West 10th Street,Suite 203,Wilmington,DE,19801,"Legal Services Corporation of Delaware, Inc. ",(302) 575-0408 ,(302) 575-0408 ,http://www.legalservicesalabama.org/ VT-1,VT,146010,"Legal Services Law Line of Vermont, Inc.",274  North Winooski Avenue,,Burlington,VT,5401,"Legal Services Law Line of Vermont, Inc. ",(802) 863-7153 ,(800) 639-8857 ,http://www.lscd.com NY-9,NY,233100,Legal Services NYC,40 Worth Street,Suite 606,New York,NY,10013-9998,Legal Services NYC ,(212) 431-7200 ,(212) 431-7200 ,http://www.vtlegalaid.org/ MI-14,MI,423060,Legal Services of Eastern Michigan,436 South Saginaw Street,,Flint,MI,48502,Legal Services of Eastern Michigan ,(810) 234-2621 ,(800) 339-9513 ,http://www.legalservicesnyc.org MO-4,MO,526020,"Legal Services of Eastern Missouri, Inc.",4232 Forest Park Avenue,,St. Louis,MO,63108,"Legal Services of Eastern Missouri, Inc. ",(314) 534-4200 ,(800) 444-0514 ,http://www.lsem-mi.org/ FL-5,FL,610040,"Legal Services of Greater Miami, Inc.",3000 Biscayne Boulevard,Suite 500,Miami,FL,33137-4129,"Legal Services of Greater Miami, Inc. ",(305) 438-2501 ,(305) 576-0080 ,http://www.lsem.org/ ND-3,ND,535007,Legal Services of North Dakota,1025 Third Street North,P.O. Box 1893,Bismarck,ND,58502-1893,Legal Services of North Dakota ,(701) 222-2110 ,(800) 634-5263 ,http://www.lsgmi.org/ FL-13,FL,610044,"Legal Services of North Florida, Inc.",2119 Delta Boulevard,,Tallahassee,FL,32303-4209,"Legal Services of North Florida, Inc. ",(850) 385-9007 ,(850) 385-9007 ,http://www.legalassist.org/ LA-11,LA,619061,"Legal Services of North Louisiana, Inc.",720 Travis Street,,Shreveport,LA,71101,"Legal Services of North Louisiana, Inc. ",(318) 222-7186 ,(800) 826-9265 ,http://www.lsnf.org/ CA-27,CA,805240,"Legal Services of Northern California, Inc.",517 Twelfth Street,,Sacramento,CA,95814,"Legal Services of Northern California, Inc. ",(916) 551-2150 ,(916) 551-2150 ,http://www.lsnl.org/ MI-9,MI,423130,"Legal Services of Northern Michigan, Inc.",1349 S. Otsego Avenue Unit 7B,Parkside Mini-Mall,Gaylord,MI,49735,"Legal Services of Northern Michigan, Inc. ",(989) 705-1067 ,(888) 645-9993 ,http://www.lsnc.net/ VA-20,VA,447007,"Legal Services of Northern Virginia, Inc.",4080 Chain Bridge Road,1st Floor,Fairfax,VA,22030,"Legal Services of Northern Virginia, Inc. ",(703) 778-6800 ,(866) 534-5243 ,http://www.lsnm.org/ NJ-15,NJ,331016,Legal Services of Northwest Jersey,34 West Main Street,Suite 301,Somerville,NJ,08876-2218,Legal Services of Northwest Jersey ,(908) 231-0840 ,(908) 475-2010 ,http://www.lsnv.org MN-4,MN,524027,Legal Services of Northwest Minnesota Corporation,1015 7th Avenue North,P.O. Box 838,Moorhead,MN,56561-0838,Legal Services of Northwest Minnesota Corporation ,(218) 233-8585 ,(800) 450-8585 ,http://www.lsnj.org/lsnwj/index.htm MI-12,MI,423010,Legal Services of South Central Michigan,420 North Fourth Avenue,,Ann Arbor,MI,48104-1197,Legal Services of South Central Michigan ,(734) 665-6181 ,(734) 665-6181 ,http://www.lsnmlaw.org/ MO-7,MO,526051,Legal Services of Southern Missouri,809 N. Campbell Avenue,,Springfield,MO,65802,Legal Services of Southern Missouri ,(417) 881-1397 ,(800) 444-4863 ,http://www.lsscm.org/ NY-20,NY,233160,Legal Services of the Hudson Valley,90 Maple Avenue,,White Plains,NY,10601,Legal Services of the Hudson Valley ,(914) 949-1305 ,(914) 949-1305 ,http://www.lsosm.org VI-1,VI,254000,"Legal Services of the Virgin Islands, Inc.",3017 Orange Grove,,Christiansted,VI,00820-4375,"Legal Services of the Virgin Islands, Inc. ",(340) 718-2626 ,(340) 718-2626 ,http://www.lshv.org/ TX-13,TX,744060,Lone Star Legal Aid,1415 Fannin Street,,Houston,TX,77002,Lone Star Legal Aid ,(713) 652-0077 ,(800) 354-1889 ,http://www.legalservicesvi.org MA-10,MA,122107,"Massachusetts Justice Project, Inc.",57 Suffolk Street,Suite 401,Holyoke,MA,1040,"Massachusetts Justice Project, Inc. ",(413) 533-2660 ,(800) 639-1209 ,http://www.lonestarlegal.org/ TN-4,TN,643030,"Memphis Area Legal Services, Inc.",109 North Main Street,"Claridge House, Suite 200",Memphis,TN,38103-5013,"Memphis Area Legal Services, Inc. ",(901) 523-8822 ,(901) 523-8822 ,http://www.masslegalhelp.org/ MA-4,MA,122090,"Merrimack Valley Legal Services, Inc.","35 John Street, Suite 302",,Lowell,MA,01852-1101,"Merrimack Valley Legal Services, Inc. ",(978) 458-1465 ,(978) 458-1465 ,http://www.malsi.org/ MP-1,MP,952000,"Micronesian Legal Services, Inc.",P.O. Box 5551 CHRB,,Saipan,MP,96950,"Michigan Indian Legal Services, Inc. ",(231) 947-0122 ,(800) 968-6877 ,http://www.mvlegal.org/ MO-5,MO,526041,Mid-Missouri Legal Services Corporation,1201 West Broadway,,Columbia,MO,65203,"Micronesian Legal Services, Inc. ",(670) 322-6472 ,(670) 234-6243 ,http://www.mils.org/ PA-25,PA,339040,"MidPenn Legal Services, Inc.",213-A North Front Street,,Harrisburg,PA,17101,Mid-Missouri Legal Services Corporation ,(573) 442-0116 ,(800) 568-4931 ,http://www.lsmo.org/Data/LegalServices/LegalService_129 MS-10,MS,625071,Mississippi Center for Legal Services,111 East Front Street,P.O. Drawer 1728,Hattiesburg,MS,39403-1728,"MidPenn Legal Services, Inc. ",(717) 234-0492 ,(717) 232-0581 ,http://midpenn.org/ MT-1,MT,927000,Montana Legal Services Association,616 Helena Avenue,Suite 100,Helena,MT,59601,Mississippi Center for Legal Services ,(601) 545-2950 ,(601) 545-2950 ,http://www.mslegalservices.org/MS/index.cfm NY-7,NY,233070,"Nassau/Suffolk Law Services Committee, Inc.",One Helen Keller Way,5th Floor,Hempstead,NY,11550,Montana Legal Services Association ,(406) 442-9830 ,(800) 666-6124 ,http://www.mtlsa.org PA-8,PA,339060,Neighborhood Legal Services Association,928 Penn Avenue,,Pittsburgh,PA,15222-3799,"Nassau/Suffolk Law Services Committee, Inc. ",(516) 292-8100 ,(516) 292-8100 ,http://www.nslawservices.org/ CA-30,CA,805180,Neighborhood Legal Services of Los Angeles County,1102 E. Chevy Chase Drive,,Glendale,CA,91205,Neighborhood Legal Services Association ,(412) 255-6700 ,(866) 761-6572 ,http://www.nlsa.us/ DC-1,DC,309080,Neighborhood Legal Services Program of the District of Columbia,"680 Rhode Island Avenue, NE",,Washington,DC,20002,Neighborhood Legal Services of Los Angeles County ,(818) 834-7590 ,(818) 896-5211 ,http://www.nls-la.org/ NY-24,NY,233047,"Neighborhood Legal Services, Inc.",Main Seneca Building,"237 Main Street, 4th Floor",Buffalo,NY,14203-2473,Neighborhood Legal Services Program of the District of Columbia ,(202) 269-5100 ,(202) 269-5100 ,http://www.nlsp.org/ NV-1,NV,829050,"Nevada Legal Services, Inc.",530 South 6th Street,,Las Vegas,NV,89101,"Neighborhood Legal Services, Inc. ",(716) 847-0650 ,(716) 847-0650 ,http://www.nls.org/ NM-5,NM,732010,New Mexico Legal Aid,P O Box 25486,301 Gold Ave. S.W.,Albuquerque,NM,87102-3245,"Nevada Legal Services, Inc. ",(702) 386-0404 ,(866) 432-0404 ,http://www.nlslaw.net/ MS-9,MS,625040,"North Mississippi Rural Legal Services, Inc.",5 County Rd 1014,P.O. Box 767,Oxford,MS,38655-0767,New Mexico Legal Aid ,(505) 243-7871 ,(505) 243-7871 ,http://www.nmlegalaid.org/ PA-24,PA,339070,"North Penn Legal Services, Inc.",33 North Main Street,Suite 200,Pittston,PA,18640,"North Mississippi Rural Legal Services, Inc. ",(662) 234-8731 ,(800) 898-8731 ,http://www.nmrls.com/ NJ-18,NJ,331050,Northeast New Jersey Legal Services Corporation,574 Summit Avenue,,Jersey City,NJ,07306-2797,"North Penn Legal Services, Inc. ",(610) 317-5308 ,(800) 982-4387 ,http://www.northpennlegal.org/ WA-1,WA,948010,Northwest Justice Project,401 Second Avenue South,Suite 407,Seattle,WA,98104,Northeast New Jersey Legal Services Corporation ,(201) 792-6363 ,(201) 792-6363 ,http://www.lsnj.org/directory.htm PA-26,PA,339111,Northwestern Legal Services,1001 State Street,"Renaissance Center, Suite 700",Erie,PA,16501-1828,Northwest Justice Project ,(206) 464-1519 ,(888) 201-1014 ,http://www.nwjustice.org/ NJ-12,NJ,331100,"Ocean-Monmouth Legal Services, Inc.",303 West Main Street,Third Floor,Freehold,NJ,7728,Northwestern Legal Services ,(814) 452-6949 ,(800) 665-6957 ,http://www.nwls.org/ OH-17,OH,436070,Ohio State Legal Services,555 Buttles Avenue,,Columbus,OH,43215-1137,"Ocean-Monmouth Legal Services, Inc. ",(732) 866-0020 ,(732) 341-2727 ,http://www.lsnj.org/omls/index.htm OH-5,OH,436070,Ohio State Legal Services,555 Buttles Avenue,,Columbus,OH,43215-1137,Ohio State Legal Services ,(614) 221-7201 ,(800) 589-5888 ,http://www.ohiolegalservices.org/OSLSA/PublicWeb PA-1,PA,339000,Philadelphia Legal Assistance Center,42 South 15th Street,Suite 500,Philadelphia,PA,19102,"Oklahoma Indian Legal Services, Inc. ",(405) 943-6457 ,(800) 658-1497 ,http://www.oilsonline.org/ ME-1,ME,120000,"Pine Tree Legal Assistance, Inc.",88 Federal Street,P.O. Box 547,Portland,ME,04112-0547,Philadelphia Legal Assistance Center ,(215) 981-3808 ,(215) 981-3800 ,http://www.philalegal.org/ IL-7,IL,514076,"Prairie State Legal Services, Inc.",303 North Main Street #600,,Rockford,IL,61101,"Pine Tree Legal Assistance, Inc. ",(207) 774-4753 ,(207) 774-8211 ,http://www.ptla.org/index.html PR-1,PR,253010,"Puerto Rico Legal Services, Inc.",1859 Ave. Ponce de León-Pda 26,Apartado 9134,San Juan,PR,00908-9134,"Prairie State Legal Services, Inc. ",(815) 965-2134 ,(815) 965-2134 ,http://www.pslegal.org/ RI-1,RI,140000,"Rhode Island Legal Services, Inc.",56 Pine Street,4th Floor,Providence,RI,2903,"Puerto Rico Legal Services, Inc. ",(787) 728-8686 ,(800) 981-5342 ,http://www.slpr.org SC-8,SC,641030,"South Carolina  Legal Services, Inc.",701 S Main Street,,Greenville,SC,29601,"Rhode Island Legal Services, Inc. ",(401) 274-2652 ,(800) 662-5034 ,http://www.rils.org/ MA-12,MA,122087,South Coastal Counties Legal Services,P.O. Box 2507,"22 Bedford Street, 2nd Floor",Fall River,MA,2722,"South Carolina Legal Services, Inc. ",(803) 744-4179 ,(888) 346-5592 ,http://www.sclegal.org/ NJ-16,NJ,331020,"South Jersey Legal Services, Inc.",745 Market Street,,Camden,NJ,08102-1117,South Coastal Counties Legal Services ,(508) 979-7160 ,(800) 244-9023 ,http://www.ncla.net/ LA-1,LA,619081,Southeast Louisiana Legal Services Corporation,P. O. Drawer 2867,,Hammond,LA,70404-2867,"South Jersey Legal Services, Inc. ",(856) 964-2010 ,(856) 964-2010 ,http://www.lsnj.org/sjls LA-12,LA,619081,Southeast Louisiana Legal Services Corporation,P. O. Drawer 2867,,Hammond,LA,70404-2867,Southeast Louisiana Legal Services Corporation ,(504) 529-1000 ,(800) 349-0886 ,http://www.slls.org AZ-5,AZ,703050,"Southern Arizona Legal Aid, Inc.",2343 East Broadway ,Suite 200,Tucson,AZ,85719,"Southern Arizona Legal Aid, Inc. ",(520) 623-9465 ,(520) 623-9461 ,http://www.sazlegalaid.org/ MN-5,MN,524030,"Southern Minnesota Regional Legal Services, Inc.",Alliance Bank Center,"55 E. 5th Street, Suite 1000",St. Paul,MN,55101-1448,"Southern Minnesota Regional Legal Services, Inc. ",(651) 228-9823 ,(651) 228-9823 ,http://www.smrls.org/ VA-15,VA,447020,"Southwest Virginia Legal Aid Society, Inc.",227 West Cherry Street,,Marion,VA,24354,"Southwest Virginia Legal Aid Society, Inc. ",(276) 783-8300 ,(888) 201-2772 ,http://www.svlas.org/ PA-11,PA,339080,"Southwestern Pennsylvania Legal Services, Inc.",10 West Cherry Avenue,,Washington,PA,15301,"Southwestern Pennsylvania Legal Services, Inc. ",(724) 225-6170 ,(800) 846-0871 ,http://www.palegalservices.org/finder/southwestern_pa_legal_aid.htm CT-1,CT,107000,"Statewide Legal Services of Connecticut, Inc.",1290 Silas Deane Highway,Suite 3A,Wethersfield,CT,6109,"Statewide Legal Services of Connecticut, Inc. ",(860) 344-8096 ,(800) 453-3320 ,http://www.slsct.org/Home/PublicWeb TX-15,TX,744100,"Texas RioGrande Legal Aid, Inc.",300 South Texas Boulevard,,Weslaco,TX,78596,"Texas RioGrande Legal Aid, Inc. ",(956) 447-4800 ,(888) 988-9996 ,http://www.trla.org/ OH-21,OH,436050,The Legal Aid Society of Cleveland,1223 West Sixth Street,,Cleveland,OH,44113-1354,The Legal Aid Society of Cleveland ,(216) 687-1900 ,(216) 687-1900 ,http://www.lasclev.org/ FL-14,FL,610061,"Three Rivers Legal Services, Inc.",901 NW 8th Avenue,Suite D-5,Gainesville,FL,32601,"Three Rivers Legal Services, Inc. ",(352) 372-0519 ,(352) 372-0519 ,http://www.trls.org/ UT-1,UT,745000,"Utah Legal Services, Inc.",205 North 400 West,,Salt Lake City,UT,84103-1125,"Utah Legal Services, Inc. ",(801) 924-3381 ,(800) 662-4245 ,http://www.utahlegalservices.org VA-17,VA,447061,"Virginia Legal Aid Society, Inc.",513 Church Street,P.O. Box 6200,Lynchburg,VA,24505-6200,"Virginia Legal Aid Society, Inc. ",(434) 528-4722 ,(866) 534-5243 ,http://www.vlas.org/ MA-11,MA,122007,Volunteer Lawyers Project of the Boston Bar Association,"99 Chauncy Street, Suite 400",,Boston,MA,2111,Volunteer Lawyers Project of the Boston Bar Association ,(617) 423-0648 ,(617) 423-0648 ,http://www.vlpnet.org/ TN-7,TN,643061,"West Tennessee Legal Services, Inc.",210 W. Main Street,P.O. Box 2066,Jackson,TN,38302-2066,"West Tennessee Legal Services, Inc. ",(731) 426-1311 ,(800) 372-8346 ,http://www.wtls.org/ WI-2,WI,550020,"Wisconsin Judicare, Inc.","300 Third Street, Suite 210",P.O. Box 6100,Wausau,WI,54402-6100,"Wisconsin Judicare, Inc. ",(715) 842-1681 ,(800) 472-1638 ,http://www.judicare.org/ 